{
  "timestamp": "2025-06-26T20:48:16.190Z",
  "summary": {
    "total": 24,
    "passed": 20,
    "failed": 2,
    "successRate": 83.33333333333334
  },
  "details": [
    {
      "status": "PASS",
      "message": "User registration should succeed"
    },
    {
      "status": "PASS",
      "message": "Registered email should match"
    },
    {
      "status": "PASS",
      "message": "User login should succeed"
    },
    {
      "status": "PASS",
      "message": "Login email should match"
    },
    {
      "status": "PASS",
      "message": "Authenticated user check should succeed"
    },
    {
      "status": "PASS",
      "message": "Practice data loading should succeed"
    },
    {
      "status": "PASS",
      "message": "Practice locations loading should succeed"
    },
    {
      "status": "PASS",
      "message": "Locations should be an array"
    },
    {
      "status": "PASS",
      "message": "Quote creation should succeed"
    },
    {
      "status": "PASS",
      "message": "Quote ID should have Q- prefix"
    },
    {
      "status": "PASS",
      "message": "Quote listing should succeed"
    },
    {
      "status": "PASS",
      "message": "Quotes should be an array"
    },
    {
      "status": "PASS",
      "message": "Should have at least one quote"
    },
    {
      "status": "FAIL",
      "message": "Individual quote retrieval should succeed"
    },
    {
      "status": "SKIP",
      "message": "Individual quote retrieval (known issue)"
    },
    {
      "status": "FAIL",
      "message": "Quote conversion should succeed"
    },
    {
      "status": "SKIP",
      "message": "Quote conversion (dependency issue)"
    },
    {
      "status": "PASS",
      "message": "Order listing should succeed"
    },
    {
      "status": "PASS",
      "message": "Orders should be an array"
    },
    {
      "status": "PASS",
      "message": "Should have at least one order"
    },
    {
      "status": "PASS",
      "message": "Unauthorized request should fail"
    },
    {
      "status": "PASS",
      "message": "Should return unauthorized message"
    },
    {
      "status": "PASS",
      "message": "404 request should fail"
    },
    {
      "status": "PASS",
      "message": "Should return not found message"
    }
  ]
}